url,follower,username
https://www.instagram.com/Instagram/,373800000,Instagram
https://www.instagram.com/glscollective/,9098,glscollective
https://www.instagram.com/la_showroom/,22700,la_showroom
https://www.instagram.com/fantaziaapparel/,357,fantaziaapparel
https://www.instagram.com/shopellison/,4194,shopellison
https://www.instagram.com/matrushkastyle/,8201,matrushkastyle
https://www.instagram.com/blends/,92700,blends
https://www.instagram.com/lafashiondistrict/,63100,lafashiondistrict
https://www.instagram.com/poketo/,131400,poketo
https://www.instagram.com/omamimini/,33400,omamimini
https://www.instagram.com/tashaapparel.com_wholesale/,13900,tashaapparel.com_wholesale
https://www.instagram.com/galeriela/,17800,galeriela
https://www.instagram.com/lastylebook/,160,lastylebook
https://www.instagram.com/coutureshopla/,18700,coutureshopla
https://www.instagram.com/bodega/,574500,bodega
https://www.instagram.com/pleasedonotenter/,15300,pleasedonotenter
https://www.instagram.com/rsdnla/,6753,rsdnla
https://www.instagram.com/acurrentaffair/,173000,acurrentaffair
https://www.instagram.com/bashparis/,647600,bashparis
https://www.instagram.com/obsessionapparel/,17800,obsessionapparel
https://www.instagram.com/thefoxhole/,7154,thefoxhole
https://www.instagram.com/jungleboysclothing/,71900,jungleboysclothing
https://www.instagram.com/descontrol_shop/,12900,descontrol_shop
https://www.instagram.com/ola_dtla/,78,ola_dtla
https://www.instagram.com/crownandbrim/,1120,crownandbrim
https://www.instagram.com/michellejonastravelwear/,215,michellejonastravelwear
https://www.instagram.com/generalquarters/,37000,generalquarters
https://www.instagram.com/hatchetsupply/,8345,hatchetsupply
https://www.instagram.com/sanssouciclothing/,10900,sanssouciclothing
https://www.instagram.com/hotcactus_la/,44400,hotcactus_la
https://www.instagram.com/desperatelosangeles/,12200,desperatelosangeles
https://www.instagram.com/marissasbridalofficial/,147,marissasbridalofficial
https://www.instagram.com/westwearbrand/,41800,westwearbrand
https://www.instagram.com/leolalace/,6266,leolalace
https://www.instagram.com/deskohan/,2568,deskohan
https://www.instagram.com/officialhavefashion/,287,officialhavefashion
https://www.instagram.com/weiv.la/,1771,weiv.la
https://www.instagram.com/tensixtysherman/,15300,tensixtysherman
https://www.instagram.com/americanragcie/,18200,americanragcie
https://www.instagram.com/folddtla/,4860,folddtla
https://www.instagram.com/bigbudpress/,246800,bigbudpress
https://www.instagram.com/timingfashion/,4357,timingfashion
https://www.instagram.com/thesmallshopla/,6276,thesmallshopla
https://www.instagram.com/voodoolosangeles/,10400,voodoolosangeles
https://www.instagram.com/misslolaofficial/,2500000,misslolaofficial
https://www.instagram.com/otlapparel.shop/,3502,otlapparel.shop
https://www.instagram.com/3sixteen/,107100,3sixteen
https://www.instagram.com/verizonnews/,15100,verizonnews
https://www.instagram.com/threesforme/,4222,threesforme
https://www.instagram.com/golfwang/,1500000,golfwang
https://www.instagram.com/sandroparis/,1100000,sandroparis
https://www.instagram.com/uclastore/,9639,uclastore
https://www.instagram.com/ddsdiscounts/,116800,ddsdiscounts
https://www.instagram.com/rossdressforless/,390400,rossdressforless
https://www.instagram.com/candycentraldotcom/,293,candycentraldotcom
https://www.instagram.com/perfectxshape/,2374,perfectxshape
https://www.instagram.com/industrydtla/,2171,industrydtla
https://www.instagram.com/daughtersofculture/,56700,daughtersofculture
https://www.instagram.com/260samplesale/,172900,260samplesale
https://www.instagram.com/artistsandfleas/,89000,artistsandfleas
https://www.instagram.com/guidoinla/,9374,guidoinla
https://www.instagram.com/shopririku/,4328,shopririku
https://www.instagram.com/mnmcouture_/,49800,mnmcouture_
https://www.instagram.com/giftofgarb/,6342,giftofgarb
https://www.instagram.com/donnadicapri/,3471,donnadicapri
https://www.instagram.com/shadesofgreyclothing/,5357,shadesofgreyclothing
https://www.instagram.com/leboxblanc/,2120,leboxblanc
https://www.instagram.com/prelude_and_dawn/,19700,prelude_and_dawn
https://www.instagram.com/vertigousa/,464,vertigousa
https://www.instagram.com/shopworshipla/,18600,shopworshipla
https://www.instagram.com/worldfamousoriginal/,39300,worldfamousoriginal
https://www.instagram.com/theleftbankla/,7897,theleftbankla
https://www.instagram.com/glamenvy/,133200,glamenvy
https://www.instagram.com/eclipse_official_la/,27400,eclipse_official_la
https://www.instagram.com/vintagegaleria/,10900,vintagegaleria
https://www.instagram.com/modrefclothing/,9616,modrefclothing
https://www.instagram.com/trutailorco/,420,trutailorco
https://www.instagram.com/treehausla/,2193,treehausla
https://www.instagram.com/rachelpally/,46100,rachelpally
https://www.instagram.com/kaleidoscopekollective/,7561,kaleidoscopekollective
https://www.instagram.com/greatwhitegrizzly/,57800,greatwhitegrizzly
https://www.instagram.com/hyfve/,26500,hyfve
https://www.instagram.com/round2la/,12600,round2la
https://www.instagram.com/look.vintage/,15800,look.vintage
https://www.instagram.com/azarsuits/,1904,azarsuits
https://www.instagram.com/malibuclothes/,8714,malibuclothes
https://www.instagram.com/ravelandofficial/,17500,ravelandofficial
https://www.instagram.com/miss_curvas/,906,miss_curvas
https://www.instagram.com/trueslimjeans/,464,trueslimjeans
https://www.instagram.com/fashionnova/,19200000,fashionnova
https://www.instagram.com/euninajeans/,17000,euninajeans
https://www.instagram.com/naturallifeclothing/,369,naturallifeclothing
https://www.instagram.com/ravewonderland/,175700,ravewonderland
https://www.instagram.com/areyouami/,555700,areyouami
https://www.instagram.com/westfieldannapolis/,3523,westfieldannapolis
https://www.instagram.com/dtlaprint/,4208,dtlaprint
https://www.instagram.com/citronclothing/,521,citronclothing
https://www.instagram.com/alternativeapparel/,80900,alternativeapparel
https://www.instagram.com/johnathanbehr.bespoke/,4,johnathanbehr.bespoke
https://www.instagram.com/marcellvonberlin/,48000,marcellvonberlin
https://www.instagram.com/crewapparelusa/,1197,crewapparelusa
https://www.instagram.com/kitsonlosangeles/,15200,kitsonlosangeles
https://www.instagram.com/yourstrulyclothing/,588700,yourstrulyclothing
https://www.instagram.com/eliscollision/,18000,eliscollision
https://www.instagram.com/erbamarkets/,11200,erbamarkets
https://www.instagram.com/themarathonclothing/,658400,themarathonclothing
https://www.instagram.com/fredsegal/,31900,fredsegal
https://www.instagram.com/primosdonutsla/,32600,primosdonutsla
https://www.instagram.com/thedancestorela/,1203,thedancestorela
https://www.instagram.com/erewhonmarket/,121300,erewhonmarket
https://www.instagram.com/user/,27300,user
https://www.instagram.com/tavinboutique/,16800,tavinboutique
https://www.instagram.com/tags_brand/,1347,tags_brand
https://www.instagram.com/sportsinvasion/,79,sportsinvasion
https://www.instagram.com/modernbridedtla/,3158,modernbridedtla
https://www.instagram.com/shopthecanyon/,8107,shopthecanyon
https://www.instagram.com/buckmason/,86100,buckmason
https://www.instagram.com/churchboutique/,31900,churchboutique
https://www.instagram.com/decadesinc/,25100,decadesinc
https://www.instagram.com/posers_hollywood/,11000,posers_hollywood
https://www.instagram.com/vsteesla/,215,vsteesla
https://www.instagram.com/iamjosephkingly/,8597,iamjosephkingly
https://www.instagram.com/kaitlynclothing/,18000,kaitlynclothing
https://www.instagram.com/enticlothing/,252,enticlothing
https://www.instagram.com/theodellsshop/,34600,theodellsshop
https://www.instagram.com/weekandclothing/,1698,weekandclothing
https://www.instagram.com/jsquadclothing/,117,jsquadclothing
https://www.instagram.com/the_clothing_company/,2575,the_clothing_company
https://www.instagram.com/ronhermanstore/,261399,ronhermanstore
https://www.instagram.com/madisonla/,18800,madisonla
https://www.instagram.com/thisisthegreat_/,90300,thisisthegreat_
https://www.instagram.com/stateside/,34100,stateside
https://www.instagram.com/torgomvintageclothing/,5422,torgomvintageclothing
https://www.instagram.com/shopeggy/,6952,shopeggy
https://www.instagram.com/dotterstore/,4276,dotterstore
https://www.instagram.com/athenianfashions/,7456,athenianfashions
https://www.instagram.com/midland_shop/,45000,midland_shop
https://www.instagram.com/staccato_la/,7683,staccato_la
https://www.instagram.com/proconsulclothing/,19900,proconsulclothing
https://www.instagram.com/maxfieldla/,129500,maxfieldla
https://www.instagram.com/danae.baptism.clothing/,95,danae.baptism.clothing
https://www.instagram.com/cocomelodyofficial/,74600,cocomelodyofficial
https://www.instagram.com/shopsarajane/,251,shopsarajane
https://www.instagram.com/proudmaryfashion/,19500,proudmaryfashion
https://www.instagram.com/doverstreetmarketlosangeles/,80500,doverstreetmarketlosangeles
https://www.instagram.com/fannylosangeles/,190,fannylosangeles
https://www.instagram.com/myblankeeinc/,550,myblankeeinc
https://www.instagram.com/e.trendycollection/,220,e.trendycollection
https://www.instagram.com/cielo.1985/,4449,cielo.1985
https://www.instagram.com/pol_clothing/,12500,pol_clothing
https://www.instagram.com/mohawkgeneralstore/,73600,mohawkgeneralstore
https://www.instagram.com/coalition_la/,10100,coalition_la
https://www.instagram.com/fashiongonet/,44100,fashiongonet
https://www.instagram.com/debbiesbridal/,4078,debbiesbridal
https://www.instagram.com/balboafashion/,5044,balboafashion
https://www.instagram.com/victorious_la/,2212,victorious_la
https://www.instagram.com/richardsonworld/,98600,richardsonworld
https://www.instagram.com/therogueco/,8934,therogueco
https://www.instagram.com/symphonyfashion/,2336,symphonyfashion
https://www.instagram.com/shoplcd/,36500,shoplcd
https://www.instagram.com/visvimwmv/,320700,visvimwmv
https://www.instagram.com/myrtle/,15800,myrtle
https://www.instagram.com/roguestatela/,2501,roguestatela
https://www.instagram.com/haydenlosangeles/,5903,haydenlosangeles
https://www.instagram.com/shopblupepper/,10100,shopblupepper
https://www.instagram.com/fshnbnkr/,187500,fshnbnkr
https://www.instagram.com/the.house.of.woo/,2741,the.house.of.woo
https://www.instagram.com/sanctuaryclothing/,83200,sanctuaryclothing
https://www.instagram.com/voyagershop/,12100,voyagershop
https://www.instagram.com/raggedythreads/,24200,raggedythreads
https://www.instagram.com/lemonfrogshop/,2655,lemonfrogshop
https://www.instagram.com/hmerrick/,36200,hmerrick
https://www.instagram.com/dfsofficial/,32800,dfsofficial
https://www.instagram.com/macysbackstage/,20400,macysbackstage
https://www.instagram.com/losangelesapparel/,110200,losangelesapparel
https://www.instagram.com/crossroadstrading/,29200,crossroadstrading
https://www.instagram.com/nicoandbullitt/,4366,nicoandbullitt
https://www.instagram.com/abercrombie/,4700000,abercrombie
https://www.instagram.com/argylelv/,43,argylelv
https://www.instagram.com/jbrandjeans/,500600,jbrandjeans
https://www.instagram.com/kohls/,1500000,kohls
https://www.instagram.com/31philliplim/,981800,31philliplim
https://www.instagram.com/luckybrand/,200300,luckybrand
https://www.instagram.com/12345clothing/,15,12345clothing
https://www.instagram.com/nordstromrack/,1100000,nordstromrack
https://www.instagram.com/wholefoods/,3100000,wholefoods
https://www.instagram.com/bncourtstreet/,2547,bncourtstreet
https://www.instagram.com/menswearhouse/,88600,menswearhouse
https://www.instagram.com/topshop/,10400000,topshop
https://www.instagram.com/clubmonaco/,364200,clubmonaco
https://www.instagram.com/thesurplusstorela/,647,thesurplusstorela
https://www.instagram.com/icuracao_usa/,27300,icuracao_usa
https://www.instagram.com/fidm/,59300,fidm
https://www.instagram.com/partycity/,283900,partycity
https://www.instagram.com/vince/,339800,vince
https://www.instagram.com/madewell/,1400000,madewell
https://www.instagram.com/freepeople/,3600000,freepeople
https://www.instagram.com/urbanoutfitters/,9300000,urbanoutfitters
https://www.instagram.com/target/,4400000,target
https://www.instagram.com/champion/,5700000,champion
https://www.instagram.com/footaction/,1100000,footaction
https://www.instagram.com/popkiller_us/,11700,popkiller_us
https://www.instagram.com/forever21/,15300000,forever21
https://www.instagram.com/mishkagram/,132500,mishkagram
https://www.instagram.com/ecovicibrand/,1005,ecovicibrand
https://www.instagram.com/evafrancodesign/,8055,evafrancodesign
https://www.instagram.com/lefashiontruck/,4226,lefashiontruck
https://www.instagram.com/claysonstore/,125,claysonstore
https://www.instagram.com/kxclothing/,119500,kxclothing
https://www.instagram.com/hotanddelicious/,12500,hotanddelicious
https://www.instagram.com/sanrio/,921200,sanrio
https://www.instagram.com/dickiesofficial/,107,dickiesofficial
https://www.instagram.com/apc_paris/,1100000,apc_paris
https://www.instagram.com/hijadetumadre/,255500,hijadetumadre
https://www.instagram.com/vans/,17800000,vans
https://www.instagram.com/apparelcandy/,11200,apparelcandy
https://www.instagram.com/no33custom/,194,no33custom
https://www.instagram.com/lipstickprophetsinc/,288,lipstickprophetsinc
https://www.instagram.com/rajimportsla/,441,rajimportsla
https://www.instagram.com/commonwealthproper/,41200,commonwealthproper
https://www.instagram.com/apparelzoostore/,58500,apparelzoostore
https://www.instagram.com/laurelshouse/,1941,laurelshouse
https://www.instagram.com/threelayersportswear/,187,threelayersportswear
https://www.instagram.com/lachinatown/,49200,lachinatown
https://www.instagram.com/madebydwc/,3518,madebydwc
https://www.instagram.com/wittmore/,5806,wittmore
https://www.instagram.com/acnestudios/,2900000,acnestudios
https://www.instagram.com/wearewildfang/,178800,wearewildfang
https://www.instagram.com/therealreal/,443400,therealreal
https://www.instagram.com/revampla/,1971,revampla
https://www.instagram.com/1800loosediamonds/,2819,1800loosediamonds
https://www.instagram.com/jessicalouiseclothing/,2359,jessicalouiseclothing
https://www.instagram.com/alchemyworks/,35000,alchemyworks
https://www.instagram.com/sohogirldotcom/,28400,sohogirldotcom
https://www.instagram.com/whowhatwear/,3400000,whowhatwear
https://www.instagram.com/nightcapclothing/,51100,nightcapclothing
https://www.instagram.com/nsfclothing/,31500,nsfclothing
https://www.instagram.com/leica_camera/,1300000,leica_camera
https://www.instagram.com/crateandbarrel/,1900000,crateandbarrel
https://www.instagram.com/benandjerrys/,1500000,benandjerrys
https://www.instagram.com/rejuvenation/,358900,rejuvenation
https://www.instagram.com/chefstoys/,10100,chefstoys
https://www.instagram.com/fidmmuseum/,44500,fidmmuseum
https://www.instagram.com/ultabeauty/,6800000,ultabeauty
https://www.instagram.com/sustain_la/,19000,sustain_la
https://www.instagram.com/guess/,7700000,guess
https://www.instagram.com/destinationxl/,32900,destinationxl
https://www.instagram.com/buybuybaby/,509800,buybuybaby
https://www.instagram.com/bape_us/,4700000,bape_us
https://www.instagram.com/pharmaca/,10700,pharmaca
https://www.instagram.com/thewebster/,178700,thewebster
https://www.instagram.com/resurrectionvintage/,25500,resurrectionvintage
https://www.instagram.com/paige/,328200,paige
https://www.instagram.com/daineseofficial/,849400,daineseofficial
https://www.instagram.com/dope/,889900,dope
https://www.instagram.com/virgilnormal/,29600,virgilnormal
https://www.instagram.com/tyche_losangeles/,3119,tyche_losangeles
https://www.instagram.com/theplusbus/,26200,theplusbus
https://www.instagram.com/h_lorenzo/,65500,h_lorenzo
https://www.instagram.com/sprouts/,267500,sprouts
https://www.instagram.com/casper/,166700,casper
https://www.instagram.com/kdnkbrand/,19800,kdnkbrand
https://www.instagram.com/amoebahollywood/,201200,amoebahollywood
https://www.instagram.com/individualmedleystore/,56700,individualmedleystore
https://www.instagram.com/lululemon/,3400000,lululemon
https://www.instagram.com/sorellaboutique/,897900,sorellaboutique
https://www.instagram.com/dfswest/,1606,dfswest
https://www.instagram.com/shoptresbienclothing/,2152,shoptresbienclothing
https://www.instagram.com/shopsenlis/,15800,shopsenlis
https://www.instagram.com/splendidla/,112600,splendidla
https://www.instagram.com/tpartyfashion/,708,tpartyfashion
https://www.instagram.com/urbanxapparel_/,422,urbanxapparel_
https://www.instagram.com/anarchy.la/,130,anarchy.la
https://www.instagram.com/shiekh/,349800,shiekh
https://www.instagram.com/lebelgroup/,1344,lebelgroup
https://www.instagram.com/poemaclothing/,1231,poemaclothing
https://www.instagram.com/blamoclothing/,13200,blamoclothing
https://www.instagram.com/baseball_tees/,2357,baseball_tees
https://www.instagram.com/argylehaus/,1238,argylehaus
https://www.instagram.com/damafashiondistrict/,14600,damafashiondistrict
https://www.instagram.com/blickartmaterials/,204800,blickartmaterials
https://www.instagram.com/winehousela/,3788,winehousela
https://www.instagram.com/mujiuk/,38300,mujiuk
https://www.instagram.com/americancancersociety/,137300,americancancersociety
https://www.instagram.com/selectfashion/,66800,selectfashion
https://www.instagram.com/theshadestore/,70800,theshadestore
https://www.instagram.com/teg_intl/,4138,teg_intl
https://www.instagram.com/sherwinwilliams/,283900,sherwinwilliams
https://www.instagram.com/cesttoiusa/,1444,cesttoiusa
https://www.instagram.com/offpriceshow/,2124,offpriceshow
https://www.instagram.com/guitarcenter/,1400000,guitarcenter
https://www.instagram.com/insheepsclothinghifi/,9396,insheepsclothinghifi
https://www.instagram.com/pacsun/,2500000,pacsun
https://www.instagram.com/oraindustries1/,4377,oraindustries1
https://www.instagram.com/thelibrarystore/,3901,thelibrarystore
https://www.instagram.com/lacountystore/,19200,lacountystore
https://www.instagram.com/moodfabrics/,296000,moodfabrics
https://www.instagram.com/shopplanetblue/,443800,shopplanetblue
https://www.instagram.com/switchboutique/,50100,switchboutique
https://www.instagram.com/giantrobotstore/,18900,giantrobotstore
https://www.instagram.com/johnnywas/,100600,johnnywas
https://www.instagram.com/flightclub/,2700000,flightclub
https://www.instagram.com/99centsonly/,153900,99centsonly
https://www.instagram.com/eileenfisherny/,100000,eileenfisherny
https://www.instagram.com/shop_nonna/,10100,shop_nonna
https://www.instagram.com/2ndstreetusa/,9826,2ndstreetusa
https://www.instagram.com/milkboutique/,10800,milkboutique
https://www.instagram.com/uscbookstore/,8657,uscbookstore
https://www.instagram.com/salvationarmyus/,52700,salvationarmyus
https://www.instagram.com/lostandfoundshop_la/,8657,lostandfoundshop_la
https://www.instagram.com/danielpatrick_/,163400,danielpatrick_
https://www.instagram.com/finishline/,965000,finishline
https://www.instagram.com/kigurumishop/,11400,kigurumishop
https://www.instagram.com/express/,1000000,express
https://www.instagram.com/baronhats/,2804,baronhats
https://www.instagram.com/undefeated_uactp/,5812,undefeated_uactp
https://www.instagram.com/bonobos/,145000,bonobos
https://www.instagram.com/buffaloexchange/,101800,buffaloexchange
https://www.instagram.com/uniqlousa/,349800,uniqlousa
https://www.instagram.com/goodwillsocal/,20100,goodwillsocal
https://www.instagram.com/svdpla/,8042,svdpla
https://www.instagram.com/kutula/,11800,kutula
https://www.instagram.com/caprobothq/,337,caprobothq
https://www.instagram.com/shopwss/,82100,shopwss
https://www.instagram.com/reformation/,1600000,reformation
https://www.instagram.com/dress_a_med/,1004,dress_a_med
https://www.instagram.com/vivienneatelier/,94300,vivienneatelier
https://www.instagram.com/lacausaclothing/,57700,lacausaclothing
https://www.instagram.com/perfumes.la/,209,perfumes.la
https://www.instagram.com/rsvpgallery/,361600,rsvpgallery
https://www.instagram.com/stuzoclothing/,45200,stuzoclothing
https://www.instagram.com/shopnicekicks/,117900,shopnicekicks
https://www.instagram.com/bleuclothing/,6216,bleuclothing
https://www.instagram.com/unionlosangeles/,276400,unionlosangeles
https://www.instagram.com/altruapparel/,10300,altruapparel
https://www.instagram.com/zara/,41300000,zara
https://www.instagram.com/fashionfantasia.official/,37,fashionfantasia.official
https://www.instagram.com/viamimifashion/,1748,viamimifashion
https://www.instagram.com/shopyolk/,6039,shopyolk
https://www.instagram.com/finaltouchapparel/,2107,finaltouchapparel
https://www.instagram.com/xl3vintageclothing/,292,xl3vintageclothing
https://www.instagram.com/m2bymorvati/,850,m2bymorvati
https://www.instagram.com/shoptiques/,35500,shoptiques
https://www.instagram.com/monkeypantsla/,1636,monkeypantsla
https://www.instagram.com/draclothing/,17700,draclothing
https://www.instagram.com/fallasstores/,3567,fallasstores
https://www.instagram.com/lushclothing/,71300,lushclothing
https://www.instagram.com/laapparelstore/,6695,laapparelstore
https://www.instagram.com/pocketsquareclothing/,23900,pocketsquareclothing
https://www.instagram.com/ficklewish/,16400,ficklewish
https://www.instagram.com/shophobnob/,32800,shophobnob
https://www.instagram.com/bowls/,7859,bowls
https://www.instagram.com/apolis/,107500,apolis
https://www.instagram.com/monobclothing/,8484,monobclothing
https://www.instagram.com/japangeles/,21500,japangeles
https://www.instagram.com/macys/,1900000,macys
https://www.instagram.com/rei/,2300000,rei
https://www.instagram.com/oldnavy/,2400000,oldnavy
https://www.instagram.com/bananarepublic/,1500000,bananarepublic
https://www.instagram.com/bbqgaloreusa/,2876,bbqgaloreusa
https://www.instagram.com/newchefinc/,2475,newchefinc
https://www.instagram.com/bellaberryusa/,420,bellaberryusa
https://www.instagram.com/dunnedwards/,19500,dunnedwards
https://www.instagram.com/mybobs/,43900,mybobs
https://www.instagram.com/calibercollision/,3258,calibercollision
https://www.instagram.com/leftyproductionco/,6586,leftyproductionco
https://www.instagram.com/artlewinbespokesuits/,50600,artlewinbespokesuits
https://www.instagram.com/elwoodclothing/,95600,elwoodclothing
https://www.instagram.com/indie_source/,16300,indie_source
https://www.instagram.com/bommestudio/,12600,bommestudio
https://www.instagram.com/apparelnews/,4298,apparelnews
https://www.instagram.com/jbclothiers/,9703,jbclothiers
https://www.instagram.com/tutufashion/,109,tutufashion
https://www.instagram.com/smcfashioninc/,1479,smcfashioninc
https://www.instagram.com/theory__/,363700,theory__
https://www.instagram.com/thecontainerstore/,1000000,thecontainerstore
https://www.instagram.com/gap/,3000000,gap
https://www.instagram.com/cosstores/,2100000,cosstores
https://www.instagram.com/immediateapparel/,1015,immediateapparel
